Date,Product,Qty Sold
2006-09-17,Product_3,35
2015-06-16,Product_58,17
2023-11-20,Product_28,98
2008-02-13,Product_82,1
2008-01-06,Product_13,49
2005-01-14,Product_68,84
2001-05-14,Product_26,52
2021-10-31,Product_84,100
2009-10-11,Product_18,100
2016-03-09,Product_48,16
2008-06-29,Product_40,61
2007-03-25,Product_57,51
2010-06-30,Product_94,88
2011-10-26,Product_29,92
2019-09-26,Product_48,73
2015-10-31,Product_82,3
2001-07-04,Product_71,48
2010-06-23,Product_16,69
2004-05-15,Product_66,60
2016-06-27,Product_37,28
2011-09-13,Product_92,37
2007-12-26,Product_37,59
2015-06-18,Product_13,89
2008-02-09,Product_13,40
2011-07-10,Product_17,99
2020-10-26,Product_6,31
2017-09-23,Product_80,43
2006-07-11,Product_52,56
2010-01-23,Product_48,70
2020-05-09,Product_81,40
2004-09-19,Product_39,97
2023-03-29,Product_90,6
2003-10-16,Product_22,92
2012-09-25,Product_78,90
2007-10-12,Product_33,76
2001-12-21,Product_34,96
2024-05-16,Product_56,76
2017-05-05,Product_94,9
2010-02-24,Product_7,72
2024-04-30,Product_92,68
2009-01-02,Product_61,76
2013-04-05,Product_84,53
2017-08-31,Product_45,18
2020-03-21,Product_5,15
2023-01-03,Product_62,19
2007-09-26,Product_11,75
2011-08-07,Product_21,47
2024-03-25,Product_35,86
2000-02-25,Product_8,39
2014-08-11,Product_62,75
2013-05-23,Product_66,70
2020-01-14,Product_2,65
2010-07-17,Product_86,35
2015-02-11,Product_77,75
2001-03-24,Product_16,25
2001-02-26,Product_30,89
2018-01-30,Product_38,87
2010-03-10,Product_53,70
2015-09-01,Product_2,37
2019-07-05,Product_88,88
2014-01-30,Product_93,60
2001-11-06,Product_18,57
2007-01-22,Product_84,87
2012-08-01,Product_14,70
2015-06-24,Product_39,67
2005-06-24,Product_71,4
2021-04-29,Product_78,95
2019-05-23,Product_29,75
2018-05-30,Product_5,79
2008-12-04,Product_86,66
2017-07-17,Product_86,97
2023-07-31,Product_60,100
2003-06-28,Product_2,97
2007-09-08,Product_34,66
2013-07-21,Product_8,83
2005-10-28,Product_48,26
2015-03-23,Product_29,75
2000-11-05,Product_53,29
2012-05-17,Product_65,1
2005-02-04,Product_10,55
2003-11-18,Product_8,33
2004-03-24,Product_23,64
2009-08-02,Product_30,94
2000-12-08,Product_80,17
2021-02-12,Product_2,64
2011-02-11,Product_17,10
2008-07-15,Product_58,66
2005-08-27,Product_43,23
2007-10-04,Product_26,32
2008-02-21,Product_43,42
2006-12-01,Product_25,98
2003-05-30,Product_61,46
2000-09-27,Product_37,7
2017-03-07,Product_76,2
2015-07-06,Product_69,12
2018-05-12,Product_24,20
2006-02-25,Product_66,78
2019-07-15,Product_69,15
2009-02-11,Product_29,12
2007-02-02,Product_62,8
2019-08-20,Product_87,98
2020-01-02,Product_16,12
2013-03-07,Product_94,20
2006-07-04,Product_85,15
2020-02-27,Product_47,11
2000-04-16,Product_96,80
2001-03-03,Product_21,78
2003-08-08,Product_38,9
2024-07-15,Product_62,90
2023-01-16,Product_20,40
2006-10-02,Product_66,81
2009-01-04,Product_96,13
2017-12-01,Product_31,1
2022-05-29,Product_17,53
2014-09-17,Product_71,98
2018-08-28,Product_56,94
2016-05-03,Product_31,20
2023-02-25,Product_11,5
2010-08-23,Product_2,15
2000-12-13,Product_69,54
2007-04-15,Product_18,35
2019-12-11,Product_91,16
2013-09-10,Product_97,90
2020-11-28,Product_38,46
2002-02-13,Product_28,89
2012-05-10,Product_67,82
2020-06-27,Product_82,78
2021-12-25,Product_28,5
2018-01-20,Product_60,32
2012-09-03,Product_88,44
2005-11-21,Product_85,34
2016-07-24,Product_58,80
2010-03-05,Product_23,24
2006-02-23,Product_4,94
2011-04-03,Product_34,56
2015-06-10,Product_71,12
2002-02-07,Product_55,8
2015-10-20,Product_97,49
2002-08-18,Product_36,41
2016-03-26,Product_58,3
2011-01-09,Product_7,17
2006-01-08,Product_8,11
2010-09-01,Product_19,100
2008-04-28,Product_48,51
2012-07-11,Product_81,4
2012-04-14,Product_59,27
2001-08-01,Product_41,28
2008-07-06,Product_94,25
2006-10-16,Product_87,66
2010-05-01,Product_22,25
2016-12-25,Product_91,8
2021-06-09,Product_81,70
2000-04-17,Product_56,97
2023-12-25,Product_1,12
2012-03-05,Product_33,38
2024-04-03,Product_12,75
2016-05-09,Product_78,59
2000-02-23,Product_50,87
2010-06-17,Product_75,70
2010-10-17,Product_52,92
2017-07-04,Product_67,80
2016-05-22,Product_8,19
2023-09-06,Product_59,18
2014-06-28,Product_31,66
2007-02-04,Product_17,70
2002-04-29,Product_5,23
2008-03-17,Product_22,1
2008-05-27,Product_24,25
2013-04-12,Product_79,50
2020-07-01,Product_56,17
2000-09-05,Product_54,60
2018-12-28,Product_16,4
2023-05-30,Product_34,12
2020-12-29,Product_25,83
2018-12-22,Product_21,43
2008-07-26,Product_21,88
2001-01-07,Product_47,8
2010-01-18,Product_80,93
2021-10-11,Product_31,68
2004-11-27,Product_3,26
2010-12-03,Product_9,16
2013-01-11,Product_25,33
2023-07-26,Product_65,26
2000-08-26,Product_82,31
2014-10-18,Product_97,64
2019-09-30,Product_52,47
2001-09-19,Product_3,40
2017-04-06,Product_84,87
2018-10-28,Product_73,30
2016-01-25,Product_79,92
2009-09-10,Product_75,61
2009-12-31,Product_81,9
2000-01-19,Product_54,36
2002-12-30,Product_36,43
2011-09-02,Product_63,61
2024-05-26,Product_95,50
2022-01-21,Product_78,24
2008-08-23,Product_80,22
2024-02-02,Product_79,82
2006-06-29,Product_44,19
2007-06-09,Product_85,18
2008-04-06,Product_13,25
2017-12-04,Product_83,65
2017-09-24,Product_9,63
2010-09-03,Product_18,70
2023-05-22,Product_74,49
2009-07-23,Product_84,9
2006-04-07,Product_24,62
2003-12-30,Product_53,22
2021-05-10,Product_85,80
2006-05-16,Product_10,72
2020-05-30,Product_94,23
2023-12-20,Product_15,2
2000-05-21,Product_50,48
2019-09-13,Product_90,79
2022-06-28,Product_70,27
2015-01-09,Product_15,87
2004-02-28,Product_58,73
2003-09-15,Product_88,64
2024-04-04,Product_87,47
2017-01-06,Product_90,72
2002-07-10,Product_97,36
2010-09-22,Product_43,23
2024-05-31,Product_10,6
2007-06-21,Product_98,32
2010-09-05,Product_46,68
2001-04-15,Product_24,47
2020-12-12,Product_80,9
2023-02-06,Product_95,77
2011-08-06,Product_7,27
2015-08-27,Product_4,53
2013-01-10,Product_14,6
2017-12-15,Product_3,83
2004-11-01,Product_86,9
2016-07-06,Product_74,88
2000-01-20,Product_17,55
2005-06-10,Product_54,98
2023-08-16,Product_66,84
2011-12-23,Product_4,57
2021-06-08,Product_48,14
2000-10-05,Product_19,83
2011-12-02,Product_46,17
2019-01-30,Product_32,66
2003-08-28,Product_48,32
2014-01-15,Product_100,57
2006-06-18,Product_62,82
2020-02-19,Product_13,15
2012-04-27,Product_95,78
2021-01-17,Product_86,81
2012-01-27,Product_66,66
2019-06-21,Product_8,62
2024-03-25,Product_79,84
2011-04-16,Product_41,3
2013-01-20,Product_86,81
2007-11-19,Product_100,4
2014-08-05,Product_33,28
2007-02-04,Product_48,93
2015-06-20,Product_100,46
2011-07-07,Product_13,75
2018-01-07,Product_72,58
2022-10-12,Product_47,30
2001-01-20,Product_55,79
2009-09-10,Product_81,20
2007-08-02,Product_97,39
2022-03-03,Product_66,18
2008-12-30,Product_96,3
2007-08-11,Product_51,56
2000-01-09,Product_46,52
2017-08-13,Product_3,88
2018-02-17,Product_89,45
2003-04-27,Product_74,19
2014-06-18,Product_41,31
2005-02-25,Product_31,26
2007-11-27,Product_47,20
2020-05-26,Product_13,6
2012-06-02,Product_31,47
2018-01-26,Product_60,63
2010-07-04,Product_32,68
2010-09-27,Product_50,62
2001-10-25,Product_80,61
2000-08-11,Product_31,54
2012-03-11,Product_46,42
2002-09-16,Product_91,78
2011-12-27,Product_56,11
2005-07-27,Product_66,42
2011-05-04,Product_40,8
2017-08-26,Product_66,80
2004-06-18,Product_72,73
2003-08-07,Product_4,28
2011-11-06,Product_15,86
2009-04-08,Product_23,25
2016-11-10,Product_60,64
2006-03-31,Product_73,9
2017-07-19,Product_100,26
2005-09-09,Product_32,14
2004-01-30,Product_88,82
2021-12-16,Product_33,20
2022-09-10,Product_92,22
2006-04-16,Product_98,92
2009-01-08,Product_37,8
2004-04-19,Product_42,55
2021-06-16,Product_24,40
2006-06-01,Product_35,82
2014-05-26,Product_12,77
2003-11-11,Product_57,22
2016-02-02,Product_30,80
2008-07-16,Product_39,28
2011-04-02,Product_69,41
2023-03-26,Product_18,1
2000-01-23,Product_87,92
2003-04-06,Product_2,73
2022-07-26,Product_3,11
2012-05-31,Product_67,95
2006-05-08,Product_89,98
2012-01-19,Product_37,63
2009-11-14,Product_88,98
2007-03-23,Product_62,7
2017-08-07,Product_55,26
2008-08-03,Product_42,7
2001-12-25,Product_5,100
2006-08-22,Product_78,98
2023-11-27,Product_10,92
2005-04-06,Product_49,80
2009-11-18,Product_77,81
2004-08-13,Product_25,9
2007-08-07,Product_25,51
2000-06-10,Product_74,8
2010-10-13,Product_83,100
2004-01-13,Product_58,14
2002-01-16,Product_73,58
2010-09-22,Product_7,26
2002-04-27,Product_12,4
2019-04-05,Product_40,24
2022-01-02,Product_98,6
2007-03-14,Product_9,48
2009-01-10,Product_3,63
2009-11-02,Product_12,94
2024-09-15,Product_31,26
2013-08-09,Product_51,67
2018-10-07,Product_98,84
2003-06-05,Product_7,11
2023-10-05,Product_11,49
2007-11-10,Product_61,79
2015-05-07,Product_58,99
2000-08-25,Product_46,38
2023-09-11,Product_79,77
2012-11-19,Product_55,29
2023-10-29,Product_95,78
2001-12-29,Product_27,87
2016-04-11,Product_82,38
2002-08-28,Product_70,26
2023-02-23,Product_96,50
2012-07-09,Product_67,28
2022-08-22,Product_100,36
2020-12-08,Product_11,48
2016-03-07,Product_63,60
2006-08-12,Product_98,51
2014-04-01,Product_90,44
2008-08-31,Product_27,32
2017-07-06,Product_42,76
2013-04-01,Product_54,81
2009-12-05,Product_31,10
2003-06-08,Product_19,37
2008-02-16,Product_1,70
2021-11-01,Product_1,95
2019-08-15,Product_56,32
2017-03-22,Product_54,63
2015-10-24,Product_98,15
2005-07-06,Product_83,26
2021-05-11,Product_23,13
2001-07-07,Product_10,43
2012-12-03,Product_4,82
2011-03-21,Product_5,5
2002-10-11,Product_48,73
2006-12-23,Product_33,92
2003-02-22,Product_55,84
2015-10-25,Product_81,42
2014-06-12,Product_8,69
2009-04-15,Product_78,51
2005-02-23,Product_22,29
2004-06-22,Product_59,94
2023-09-20,Product_31,64
2016-03-19,Product_39,68
2009-12-29,Product_6,31
2002-05-31,Product_83,8
2024-02-18,Product_27,54
2005-09-23,Product_43,41
2019-06-07,Product_96,75
2002-02-13,Product_63,85
2010-04-29,Product_85,92
2011-06-02,Product_100,22
2020-12-11,Product_5,54
2013-07-14,Product_42,43
2011-10-31,Product_46,71
2018-09-23,Product_59,58
2018-04-03,Product_88,67
2002-07-03,Product_80,56
2009-08-19,Product_78,70
2014-11-07,Product_23,25
2024-01-12,Product_44,75
2021-04-30,Product_36,51
2021-08-16,Product_78,14
2003-03-09,Product_75,40
2004-06-17,Product_82,20
2005-03-27,Product_14,36
2006-05-29,Product_12,60
2008-11-29,Product_60,6
2014-07-23,Product_55,14
2000-12-30,Product_73,54
2021-10-10,Product_100,7
2003-08-06,Product_21,37
2001-10-12,Product_37,39
2019-07-10,Product_7,94
2004-02-25,Product_26,66
2004-06-02,Product_80,70
2001-10-06,Product_31,16
2014-01-18,Product_75,29
2014-10-13,Product_14,56
2020-05-07,Product_100,18
2005-11-24,Product_22,92
2022-07-13,Product_14,68
2022-10-20,Product_90,75
2014-04-11,Product_42,54
2000-12-03,Product_95,10
2008-01-07,Product_75,62
2019-03-07,Product_87,71
2017-07-16,Product_40,30
2004-04-19,Product_81,36
2016-09-05,Product_27,45
2013-03-30,Product_64,31
2004-06-23,Product_59,59
2012-09-07,Product_64,78
2003-07-04,Product_93,49
2005-10-20,Product_52,34
2022-01-20,Product_3,92
2022-10-20,Product_87,88
2010-06-14,Product_67,51
2020-01-19,Product_78,18
2022-10-07,Product_95,62
2003-08-09,Product_68,79
2012-10-06,Product_57,87
2021-11-05,Product_14,61
2019-09-18,Product_57,32
2010-05-31,Product_97,88
2013-01-18,Product_59,96
2023-11-14,Product_78,99
2018-12-24,Product_84,75
2013-02-05,Product_51,49
2022-07-17,Product_78,6
2004-05-20,Product_88,32
2012-12-10,Product_61,14
2002-12-12,Product_49,6
2019-09-22,Product_99,43
2001-12-19,Product_41,53
2022-03-30,Product_46,79
2023-01-11,Product_73,58
2000-09-16,Product_42,52
2005-01-21,Product_69,57
2019-10-06,Product_25,69
2013-05-09,Product_51,99
2015-07-22,Product_71,95
2012-06-18,Product_4,13
2010-08-31,Product_35,71
2002-10-15,Product_81,52
2019-04-01,Product_99,23
2006-12-14,Product_38,100
2016-09-20,Product_26,69
2014-11-05,Product_48,14
2003-07-25,Product_56,68
2005-02-19,Product_89,64
2002-05-06,Product_33,7
2005-02-10,Product_57,34
2014-02-18,Product_79,35
2019-02-08,Product_25,63
2022-09-14,Product_63,96
2015-05-20,Product_80,65
2000-08-22,Product_25,20
2006-05-14,Product_98,7
2003-06-30,Product_65,77
2024-09-09,Product_58,81
2014-01-30,Product_72,6
2005-09-09,Product_87,14
2001-06-26,Product_64,6
2024-05-13,Product_64,36
2021-09-28,Product_25,93
2021-12-22,Product_89,24
2017-09-18,Product_48,90
2012-07-09,Product_97,91
2015-05-20,Product_44,4
2001-10-20,Product_31,70
2018-09-02,Product_84,77
2022-01-12,Product_3,39
2022-07-31,Product_19,7
2023-04-02,Product_88,60
2003-07-15,Product_44,59
2004-07-13,Product_41,72
2002-08-04,Product_78,16
2001-10-17,Product_83,92
2015-08-02,Product_18,61
2022-11-15,Product_69,46
2000-09-16,Product_29,24
2017-08-27,Product_97,92
2007-10-29,Product_32,37
2011-05-27,Product_24,42
2010-02-01,Product_91,5
2009-05-03,Product_44,61
2019-12-07,Product_51,50
2018-10-03,Product_37,18
2023-12-31,Product_74,56
2012-09-19,Product_32,47
2015-11-16,Product_62,30
2014-07-11,Product_90,99
2014-12-01,Product_43,89
2000-01-31,Product_23,5
2009-06-27,Product_76,66
2021-05-20,Product_38,97
2011-01-12,Product_55,23
2009-10-06,Product_25,51
2000-12-01,Product_15,58
2009-06-12,Product_63,37
2003-10-24,Product_26,10
2009-11-28,Product_59,72
2011-10-17,Product_19,54
2004-05-17,Product_77,86
2013-12-12,Product_51,82
2014-09-15,Product_32,76
2015-09-13,Product_29,71
2018-12-13,Product_79,98
2009-04-18,Product_15,34
2021-06-28,Product_22,82
2008-06-26,Product_5,82
2021-10-05,Product_73,77
2011-02-16,Product_99,2
2001-09-04,Product_51,31
2003-08-07,Product_90,36
2014-04-01,Product_58,86
2024-12-08,Product_71,51
2000-06-01,Product_63,57
2015-10-01,Product_60,23
2000-04-09,Product_34,30
2001-02-06,Product_37,82
2007-10-23,Product_38,78
2021-07-18,Product_22,32
2013-01-22,Product_52,58
2016-10-02,Product_23,31
2015-12-11,Product_10,11
2000-09-06,Product_57,32
2012-09-17,Product_76,93
2021-07-10,Product_19,76
2011-11-01,Product_16,2
2024-11-07,Product_33,72
2006-03-26,Product_41,53
2019-09-15,Product_11,72
2021-10-20,Product_45,88
2018-11-27,Product_46,75
2013-12-15,Product_92,9
2000-01-11,Product_12,31
2008-06-22,Product_25,46
2016-10-21,Product_62,28
2021-11-12,Product_60,37
2021-07-28,Product_73,84
2020-10-20,Product_33,98
2016-05-09,Product_63,75
2016-08-09,Product_84,8
2011-02-13,Product_2,80
2014-10-28,Product_26,92
2020-07-26,Product_69,85
2015-01-06,Product_96,92
2004-01-09,Product_75,27
2018-11-23,Product_67,49
2004-03-21,Product_13,93
2019-12-23,Product_71,42
2014-05-02,Product_34,91
2023-01-23,Product_1,9
2023-01-24,Product_58,62
2019-12-24,Product_65,96
2013-11-10,Product_65,88
2006-06-23,Product_66,47
2018-01-20,Product_29,4
2012-06-12,Product_61,28
2017-10-06,Product_94,36
2000-08-31,Product_16,17
2018-10-15,Product_50,58
2022-08-21,Product_38,1
2007-11-15,Product_25,8
2014-10-22,Product_21,68
2000-06-15,Product_54,51
2024-12-14,Product_84,26
2006-09-11,Product_80,25
2000-04-12,Product_32,6
2010-09-20,Product_76,67
2014-10-15,Product_52,56
2014-06-30,Product_68,60
2022-02-17,Product_5,36
2010-01-29,Product_4,17
2006-10-23,Product_76,44
2013-07-13,Product_12,53
2020-09-05,Product_74,16
2020-02-13,Product_67,50
2011-09-16,Product_35,85
2016-02-04,Product_24,83
2013-01-29,Product_48,51
2014-10-06,Product_42,88
2000-01-01,Product_96,94
2002-10-09,Product_43,79
2016-09-22,Product_90,15
2018-10-13,Product_2,50
2013-01-11,Product_55,7
2001-07-22,Product_49,55
2007-03-11,Product_88,64
2016-06-25,Product_2,52
2022-03-04,Product_98,55
2024-11-23,Product_50,84
2024-03-06,Product_88,13
2012-09-04,Product_95,33
2018-10-31,Product_47,78
2017-12-21,Product_38,59
2009-11-02,Product_8,49
2000-01-28,Product_70,39
2016-05-09,Product_16,25
2024-08-05,Product_15,14
2016-11-25,Product_68,4
2020-02-16,Product_85,8
2020-02-28,Product_98,51
2018-11-24,Product_58,89
2001-12-08,Product_50,88
2012-03-16,Product_71,55
2021-09-17,Product_99,2
2021-01-06,Product_21,97
2013-09-25,Product_1,30
2006-01-18,Product_4,1
2008-03-04,Product_83,49
2000-04-13,Product_93,43
2012-01-14,Product_94,59
2000-10-22,Product_16,63
2012-12-20,Product_19,31
2014-06-28,Product_28,80
2001-11-28,Product_21,48
2024-08-15,Product_73,49
2004-08-08,Product_72,59
2004-02-10,Product_41,81
2001-11-04,Product_47,89
2015-04-02,Product_69,63
2017-09-11,Product_68,75
2021-02-03,Product_60,15
2014-09-12,Product_1,55
2002-07-10,Product_70,73
2000-12-22,Product_58,40
2008-06-12,Product_39,67
2002-03-02,Product_100,60
2000-11-07,Product_73,35
2013-08-15,Product_40,83
2022-06-16,Product_96,50
2009-08-06,Product_50,98
2014-10-12,Product_100,4
2023-07-11,Product_20,42
2006-02-19,Product_66,33
2019-11-20,Product_8,56
2004-10-25,Product_93,100
2010-06-08,Product_42,64
2013-01-30,Product_48,65
2023-04-10,Product_81,85
2002-04-21,Product_47,97
2024-10-13,Product_24,20
2016-05-14,Product_40,44
2018-11-27,Product_96,12
2020-04-13,Product_50,32
2018-05-01,Product_50,80
2005-10-01,Product_99,26
2018-05-31,Product_15,45
2001-06-27,Product_2,95
2016-05-14,Product_74,55
2004-09-02,Product_18,47
2004-05-24,Product_90,94
2023-11-23,Product_44,49
2023-04-09,Product_23,83
2014-05-09,Product_32,70
2014-04-08,Product_22,10
2004-12-02,Product_57,11
2004-11-26,Product_66,6
2005-07-11,Product_91,55
2007-12-09,Product_30,24
2007-05-31,Product_1,42
2005-01-19,Product_12,25
2010-12-24,Product_74,29
2023-03-14,Product_29,29
2020-02-13,Product_36,64
2011-11-13,Product_98,20
2012-03-14,Product_29,30
2020-10-04,Product_15,96
2013-02-23,Product_68,39
2008-07-19,Product_24,20
2008-11-13,Product_48,53
2019-12-09,Product_2,65
2015-06-16,Product_5,57
2007-07-04,Product_62,21
2018-07-13,Product_12,75
2020-06-10,Product_84,43
2011-04-13,Product_13,19
2005-05-01,Product_28,92
2008-03-18,Product_53,20
2005-07-25,Product_73,6
2000-10-17,Product_24,51
2000-11-19,Product_35,3
2022-10-17,Product_40,31
2012-11-21,Product_72,56
2014-04-04,Product_34,43
2006-06-23,Product_36,30
2022-10-21,Product_36,87
2000-02-15,Product_95,24
2007-11-21,Product_30,86
2016-12-16,Product_94,49
2013-06-05,Product_64,43
2015-12-02,Product_75,7
2016-04-01,Product_47,71
2016-12-09,Product_44,62
2016-04-27,Product_67,38
2023-06-09,Product_71,41
2011-08-20,Product_62,68
2017-05-10,Product_20,71
2024-06-26,Product_82,36
2022-01-06,Product_50,70
2017-10-02,Product_75,21
2017-06-06,Product_53,70
2009-01-14,Product_43,23
2004-12-22,Product_99,60
2024-12-20,Product_66,79
2016-04-15,Product_91,46
2015-04-25,Product_7,94
2000-11-28,Product_1,2
2022-09-22,Product_58,67
2021-03-20,Product_90,97
2005-08-25,Product_36,59
2016-06-20,Product_98,70
2004-12-21,Product_49,18
2012-12-27,Product_80,18
2002-02-16,Product_65,75
2009-02-11,Product_95,46
2003-05-12,Product_26,89
2011-02-07,Product_12,43
2014-03-20,Product_18,88
2009-10-09,Product_35,3
2016-01-03,Product_9,23
2014-06-10,Product_13,74
2023-09-13,Product_63,30
2014-11-17,Product_33,56
2006-12-30,Product_14,90
2014-07-11,Product_92,46
2000-11-08,Product_74,36
2009-08-19,Product_69,62
2014-05-10,Product_40,39
2000-03-19,Product_15,70
2002-01-08,Product_10,42
2023-04-17,Product_64,50
2011-07-15,Product_66,4
2023-09-25,Product_21,91
2001-05-03,Product_55,73
2021-04-21,Product_80,41
2009-08-15,Product_11,31
2003-05-29,Product_55,98
2022-12-07,Product_18,27
2014-10-15,Product_4,95
2005-05-19,Product_27,84
2016-02-21,Product_73,47
2014-04-01,Product_82,26
2013-05-20,Product_51,7
2023-09-25,Product_27,60
2016-05-13,Product_90,82
2007-02-19,Product_61,28
2010-01-11,Product_19,87
2017-09-22,Product_94,18
2021-07-23,Product_77,38
2001-10-13,Product_58,89
2019-03-15,Product_82,91
2014-08-07,Product_39,78
2005-06-25,Product_60,4
2009-03-21,Product_8,94
2014-07-02,Product_54,26
2017-11-28,Product_28,47
2021-04-22,Product_42,91
2014-03-12,Product_62,86
2013-02-17,Product_20,49
2005-10-17,Product_57,95
2023-11-19,Product_55,30
2016-08-01,Product_61,81
2003-07-31,Product_55,60
2009-07-22,Product_9,87
2024-04-17,Product_26,69
2019-02-16,Product_91,20
2021-01-12,Product_6,1
2021-12-06,Product_11,35
2005-12-08,Product_90,57
2000-09-05,Product_69,57
2003-08-15,Product_80,60
2014-03-04,Product_72,43
2024-06-03,Product_33,49
2000-07-17,Product_66,39
2006-05-20,Product_14,40
2002-02-04,Product_10,27
2020-10-02,Product_18,48
2022-09-17,Product_78,81
2014-11-01,Product_62,83
2024-09-03,Product_46,87
2017-04-18,Product_2,64
2002-07-11,Product_37,40
2004-05-07,Product_13,33
2018-08-22,Product_72,83
2015-08-26,Product_54,34
2009-11-04,Product_65,29
2011-11-06,Product_3,70
2003-12-13,Product_45,9
2000-04-21,Product_65,17
2016-12-14,Product_10,14
2018-06-28,Product_57,21
2006-06-25,Product_98,39
2002-10-26,Product_73,61
2001-08-23,Product_35,24
2022-09-10,Product_19,16
2018-02-11,Product_10,59
2015-03-25,Product_4,96
2000-11-02,Product_52,97
2002-02-22,Product_99,86
2010-04-06,Product_71,5
2006-08-30,Product_59,17
2007-08-13,Product_53,56
2009-02-07,Product_91,92
2016-03-02,Product_99,12
2013-04-10,Product_10,50
2006-11-30,Product_29,62
2010-11-22,Product_50,92
2013-07-23,Product_1,97
2011-08-21,Product_14,100
2011-06-27,Product_69,20
2016-07-31,Product_86,49
2005-02-22,Product_14,2
2015-04-13,Product_5,87
2016-01-08,Product_52,68
2013-10-04,Product_94,17
2018-02-05,Product_50,87
2009-09-13,Product_28,76
2018-04-06,Product_45,56
2001-06-28,Product_88,22
2022-12-20,Product_88,2
2010-09-27,Product_65,8
2018-02-20,Product_23,7
2009-02-12,Product_25,84
2005-03-29,Product_81,38
2005-06-30,Product_97,84
2020-08-05,Product_89,62
2013-12-29,Product_26,73
2017-11-16,Product_25,17
2006-12-05,Product_53,67
2010-04-04,Product_63,21
2003-04-01,Product_47,97
2011-12-22,Product_93,75
2017-03-08,Product_68,49
2002-05-10,Product_67,39
2018-05-31,Product_61,85
2017-10-29,Product_59,55
2014-04-03,Product_85,44
2011-08-11,Product_6,30
2002-08-29,Product_82,49
2006-11-06,Product_61,5
2019-03-24,Product_19,23
2020-05-14,Product_3,17
2008-05-16,Product_50,59
2015-03-21,Product_66,74
2001-04-03,Product_75,75
2007-10-30,Product_44,5
2008-07-13,Product_87,79
2024-08-05,Product_69,76
2016-06-04,Product_19,53
2022-09-12,Product_55,68
2008-07-03,Product_77,29
2020-11-23,Product_25,44
2010-12-17,Product_68,77
2005-02-06,Product_93,35
2008-10-29,Product_29,59
2007-05-12,Product_31,71
2007-09-09,Product_30,33
2014-07-02,Product_22,59
2018-11-04,Product_11,66
2020-01-04,Product_19,39
2003-03-14,Product_73,76
2006-03-24,Product_33,29
2004-05-05,Product_17,24
2024-08-13,Product_41,12
2000-10-05,Product_28,82
2014-11-06,Product_17,34
2011-10-21,Product_81,68
2021-09-05,Product_98,94
2024-09-18,Product_25,38
2017-01-17,Product_78,65
2023-12-10,Product_19,64
2003-04-03,Product_37,54
2011-09-12,Product_35,100
2004-02-14,Product_99,33
2009-12-08,Product_5,2
2005-04-13,Product_81,44
2017-02-13,Product_44,39
2004-02-01,Product_5,69
2010-04-14,Product_38,15
2008-01-01,Product_44,89
2003-07-20,Product_90,79
2023-03-31,Product_2,76
2000-07-21,Product_63,8
2006-07-27,Product_8,5
2002-10-19,Product_5,31
2017-06-09,Product_81,63
2021-05-17,Product_41,7
2001-12-27,Product_39,49
2013-12-01,Product_26,40
2016-09-28,Product_16,78
2017-02-16,Product_46,24
2002-05-10,Product_18,6
2009-01-10,Product_92,22
2023-05-04,Product_7,50
2013-02-05,Product_68,59
2013-08-26,Product_26,85
2007-12-10,Product_82,100
2017-06-07,Product_74,1
2001-10-15,Product_11,49
2017-01-02,Product_61,93
2019-08-16,Product_26,10
2024-09-01,Product_3,42
2000-09-17,Product_54,44
2000-12-07,Product_39,45
2022-04-13,Product_25,52
2006-06-02,Product_31,55
2020-03-06,Product_59,40
2024-05-15,Product_22,50
2023-11-16,Product_33,29
2005-01-23,Product_56,51
2018-02-11,Product_13,79
2023-03-09,Product_66,33
2002-08-12,Product_68,19
2024-12-03,Product_84,5
2022-08-14,Product_2,40
2013-04-19,Product_61,61
2007-07-03,Product_95,70
2012-05-05,Product_59,93
2020-08-03,Product_55,74
2020-06-11,Product_58,43
2002-12-26,Product_47,82
2008-06-23,Product_29,1
2006-11-23,Product_85,60
2016-03-16,Product_81,70
2007-11-09,Product_5,9
2000-02-09,Product_71,44
2007-01-08,Product_94,5
2012-09-19,Product_75,22
2004-02-20,Product_69,71
2003-01-19,Product_39,31
2011-09-22,Product_8,39
2019-07-29,Product_28,100
2008-06-21,Product_22,67
2011-06-04,Product_60,100
2007-11-03,Product_18,62
2008-01-16,Product_8,82
2004-03-19,Product_93,24
2021-04-09,Product_62,76
2001-10-18,Product_36,83
2024-09-13,Product_81,21
2006-04-02,Product_100,72
2005-12-14,Product_20,24
2013-06-03,Product_44,66
2017-04-20,Product_63,33
2003-04-21,Product_3,48
2009-06-01,Product_83,74
2012-07-03,Product_65,55
2009-07-02,Product_1,66
2017-04-25,Product_39,51
2015-12-31,Product_39,69
2012-12-15,Product_86,38
2007-11-13,Product_81,79
2022-07-13,Product_34,66
2016-11-11,Product_75,26
2011-07-25,Product_69,84
2024-02-28,Product_77,23
2003-09-02,Product_11,86
2014-07-30,Product_96,100
2002-03-17,Product_77,76
2015-07-02,Product_78,58
2007-09-02,Product_55,70
2020-01-14,Product_15,73
2012-01-02,Product_17,72
2013-11-02,Product_94,98
2023-05-20,Product_2,29
2001-02-02,Product_86,51
2005-08-02,Product_7,44
2005-07-13,Product_6,28
2020-12-03,Product_1,98
2000-07-15,Product_76,71
2018-02-24,Product_53,63
2002-07-02,Product_53,24
2007-01-30,Product_22,60
2014-01-27,Product_54,40
2012-03-13,Product_62,46
2002-03-06,Product_22,98
2018-06-04,Product_19,68
2000-02-19,Product_70,14
2000-11-18,Product_47,91
2024-06-17,Product_72,12
2015-06-17,Product_80,30
2002-08-21,Product_65,29
2018-11-16,Product_3,7
2024-02-23,Product_19,38
2007-11-15,Product_1,17
2018-12-22,Product_27,86
2010-12-03,Product_61,34
2017-09-12,Product_12,22
2009-05-12,Product_16,72
2014-02-04,Product_24,24
2005-02-12,Product_37,27
2022-04-16,Product_31,32
2015-10-16,Product_18,68
2012-11-16,Product_42,84
2021-01-09,Product_51,42
2017-10-25,Product_32,43
2009-11-17,Product_66,90
2018-07-12,Product_67,31
2009-01-20,Product_24,25
2019-03-08,Product_24,15
2012-09-25,Product_77,59
2000-10-25,Product_62,25
2019-07-03,Product_28,81
2020-03-01,Product_56,57
2015-11-24,Product_53,27
2004-10-07,Product_71,64
2023-11-30,Product_69,8
2007-11-06,Product_35,75
2004-05-24,Product_78,69
2023-02-09,Product_11,12
2005-09-30,Product_64,19
2014-10-30,Product_82,27
2015-09-04,Product_90,67
2016-06-06,Product_96,77
2008-05-03,Product_19,1
2020-11-21,Product_39,19
2002-06-30,Product_2,23
2016-11-14,Product_11,64
2017-11-18,Product_93,33
2005-06-04,Product_29,67
2021-08-21,Product_39,19
2011-06-26,Product_95,96
2023-04-24,Product_39,48
2020-08-26,Product_73,39
2003-01-21,Product_52,15
2004-06-03,Product_38,62
2021-02-16,Product_21,12
2003-04-26,Product_75,64
2010-07-05,Product_4,45
2000-11-21,Product_67,56
2021-11-27,Product_84,97
2014-11-05,Product_47,12
2022-11-18,Product_90,44
2009-04-06,Product_34,16
2002-04-01,Product_55,77
2009-12-15,Product_46,22
2004-06-13,Product_74,17
2014-02-22,Product_55,48
2009-08-11,Product_77,5
2002-01-23,Product_3,81
2022-04-26,Product_22,69
2016-10-09,Product_13,77
2024-06-17,Product_93,57
2015-07-16,Product_44,97
2018-09-09,Product_30,10
2024-09-26,Product_43,17
2005-12-16,Product_33,7
2019-04-04,Product_29,100
2011-09-25,Product_13,17
2023-09-13,Product_15,87
2002-07-15,Product_7,16
2007-08-15,Product_54,33
2014-10-25,Product_72,11
2003-04-22,Product_1,64
2004-06-05,Product_61,38
2008-12-29,Product_77,30
2008-03-04,Product_95,7
2008-05-12,Product_20,83
2003-12-23,Product_8,64
2007-07-14,Product_55,51
2006-08-06,Product_23,74
2016-01-05,Product_53,86
2022-10-28,Product_35,51
2016-10-14,Product_45,51
2011-06-11,Product_57,13
2023-12-25,Product_59,87
2004-11-12,Product_25,48
2009-05-03,Product_2,85
2011-09-08,Product_53,58
2017-03-20,Product_95,60
2016-06-17,Product_26,75
2010-01-17,Product_18,12
2005-02-25,Product_59,69
2011-05-15,Product_69,96
2009-04-20,Product_96,69
2015-08-03,Product_98,70
2009-05-20,Product_27,4
2007-06-07,Product_22,30
2007-09-03,Product_21,77
2022-12-13,Product_60,40
2014-02-28,Product_59,53
2012-11-10,Product_48,66
2002-09-29,Product_70,72
2002-10-26,Product_85,61
2014-09-18,Product_39,7
2010-04-04,Product_81,62
2006-10-13,Product_27,70
2020-08-10,Product_95,66
2020-03-15,Product_92,97
2011-07-20,Product_19,100
2018-06-11,Product_36,54
2001-12-28,Product_25,95
2000-10-25,Product_72,38
2006-12-10,Product_80,33
2011-02-27,Product_24,46
2000-04-17,Product_32,23
2006-04-29,Product_40,53
2009-04-21,Product_19,68
2022-04-24,Product_11,14
2006-04-14,Product_96,46
2008-08-30,Product_37,21
2018-05-10,Product_8,19
2009-01-12,Product_85,19
2009-11-12,Product_1,35
2024-06-01,Product_4,83
2024-04-11,Product_81,20
2011-03-31,Product_75,39
2012-07-01,Product_96,97
2002-08-11,Product_29,98
2018-07-05,Product_11,81
2019-05-10,Product_83,13
2016-06-18,Product_79,46
2011-03-01,Product_53,58
2002-08-02,Product_98,76
2004-01-11,Product_31,98
2016-12-30,Product_69,33
2001-08-17,Product_92,6
2013-02-13,Product_6,85
2023-06-24,Product_57,44
2007-10-08,Product_26,89
2000-04-02,Product_85,71
2019-04-29,Product_96,93
2011-04-04,Product_75,51
2006-03-18,Product_73,46
2024-01-22,Product_13,18
2016-10-27,Product_88,48
2019-05-03,Product_92,54
2011-05-16,Product_69,98
2007-09-11,Product_97,40
2006-04-16,Product_18,93
2024-10-20,Product_7,28
2001-09-13,Product_67,20
2022-03-25,Product_52,1
2003-05-13,Product_39,60
2008-03-09,Product_64,100
2012-10-13,Product_48,58
2001-07-10,Product_52,59
2023-08-28,Product_12,63
2021-10-08,Product_51,68
2023-12-10,Product_2,33
2023-11-14,Product_79,83
2001-06-28,Product_20,94
2004-11-06,Product_18,95
2006-08-16,Product_21,41
2020-08-12,Product_13,54
2023-03-10,Product_40,68
2019-07-13,Product_13,85
2013-11-12,Product_79,48
2021-06-04,Product_15,74
2002-08-21,Product_33,60
2004-04-15,Product_51,95
2009-02-01,Product_41,36
2004-08-19,Product_44,63
2000-12-03,Product_33,38
2017-09-15,Product_57,52
2012-03-17,Product_57,7
2004-12-24,Product_26,13
2003-05-30,Product_17,16
2020-07-16,Product_64,31
2009-07-01,Product_4,93
2010-11-11,Product_92,80
2022-01-11,Product_98,46
2001-09-21,Product_48,83
2019-06-09,Product_43,28
2006-11-10,Product_28,92
2024-11-26,Product_97,49
2012-03-04,Product_100,79
2014-10-31,Product_50,60
2011-01-21,Product_96,55
2013-04-01,Product_69,79
2022-06-29,Product_92,97
2017-02-26,Product_64,48
2014-10-13,Product_23,88
2016-10-07,Product_81,94
2006-10-19,Product_34,61
2003-11-17,Product_5,31
2011-07-27,Product_98,11
2012-04-24,Product_90,95
2009-12-20,Product_96,83
2005-03-31,Product_92,2
2011-02-15,Product_20,3
2017-05-12,Product_82,56
2008-04-17,Product_36,91
2007-07-18,Product_69,6
2024-06-06,Product_41,63
2022-06-15,Product_43,9
2020-03-16,Product_41,34
2009-05-10,Product_64,65
2000-09-11,Product_22,40
2010-07-30,Product_4,25
2003-11-03,Product_52,93
2014-11-04,Product_23,97
2021-01-12,Product_67,53
2018-09-23,Product_17,84
2000-09-12,Product_34,94
2018-05-09,Product_76,12
2022-08-25,Product_63,17
2020-09-30,Product_68,47
2013-05-18,Product_47,78
2002-04-11,Product_83,8
2019-08-04,Product_100,15
2019-02-24,Product_43,60
2011-08-20,Product_15,70
2002-09-16,Product_43,63
2005-11-16,Product_44,75
2011-03-05,Product_38,85
2022-02-11,Product_30,54
2011-12-08,Product_47,15
2013-12-01,Product_62,19
2002-02-19,Product_58,46
2022-01-26,Product_15,9
2012-08-25,Product_20,49
2019-03-20,Product_28,34
2019-05-20,Product_56,7
2015-05-23,Product_11,21
2018-05-22,Product_72,67
2015-06-18,Product_84,71
2022-01-17,Product_39,37
2022-02-04,Product_65,92
2022-09-05,Product_7,5
2022-12-13,Product_27,95
2008-12-06,Product_75,26
2001-01-17,Product_77,99
2013-02-21,Product_36,87
2012-08-04,Product_54,20
2021-09-29,Product_37,92
2014-02-13,Product_66,67
2003-08-02,Product_98,41
2013-10-10,Product_96,77
2023-10-20,Product_65,87
2007-06-25,Product_35,75
2016-01-30,Product_90,29
2022-11-14,Product_39,84
2016-07-17,Product_61,80
2021-12-02,Product_89,12
2020-07-30,Product_4,48
2001-10-01,Product_2,4
2010-05-23,Product_6,19
2008-04-30,Product_87,39
2002-04-21,Product_63,49
2009-08-26,Product_95,19
2009-03-20,Product_5,42
2023-05-27,Product_48,6
2002-01-28,Product_56,44
2017-05-25,Product_62,20
2014-02-08,Product_89,54
2008-10-12,Product_79,61
2009-09-24,Product_45,72
2019-07-24,Product_53,33
2011-01-06,Product_59,79
2016-12-09,Product_36,89
2012-09-15,Product_1,16
2001-02-25,Product_13,94
2015-12-08,Product_61,20
2010-07-02,Product_9,49
2024-03-06,Product_26,46
2018-12-09,Product_70,32
2024-03-08,Product_50,71
2024-01-25,Product_82,63
2023-05-05,Product_93,99
2024-07-30,Product_34,74
2000-01-23,Product_80,40
2003-10-16,Product_72,73
2021-09-17,Product_12,39
2014-05-06,Product_8,67
2000-07-21,Product_15,97
2004-10-31,Product_34,15
2009-03-23,Product_59,7
2004-09-12,Product_43,35
2003-04-19,Product_98,48
2024-05-03,Product_29,11
2005-09-28,Product_43,69
2011-06-03,Product_28,52
2000-04-08,Product_34,27
2004-08-24,Product_8,41
2020-03-25,Product_75,4
2023-08-19,Product_31,65
2021-03-20,Product_77,48
2015-05-14,Product_58,68
2020-02-14,Product_2,72
2018-12-18,Product_57,67
2007-03-29,Product_100,57
2007-06-07,Product_86,97
2006-10-21,Product_59,12
2004-04-15,Product_2,39
2016-05-27,Product_13,8
2021-04-16,Product_11,15
2005-02-20,Product_57,33
2006-08-15,Product_3,81
2008-08-23,Product_20,46
2013-03-25,Product_23,25
2004-11-27,Product_92,43
2000-05-05,Product_79,97
2010-03-21,Product_10,36
2000-08-18,Product_36,64
2012-04-29,Product_1,97
2017-08-04,Product_65,32
2023-11-05,Product_92,61
2013-09-14,Product_95,15
2006-12-18,Product_54,44
2024-05-20,Product_47,5
2023-04-16,Product_60,82
2003-04-16,Product_9,84
2005-06-13,Product_48,72
2018-03-21,Product_33,24
2013-07-29,Product_10,86
2008-11-07,Product_75,90
2001-06-25,Product_86,50
2012-02-15,Product_62,23
2004-07-07,Product_88,78
2005-03-11,Product_12,15
2015-05-08,Product_17,75
2002-03-31,Product_18,25
2016-10-20,Product_11,13
2013-01-31,Product_17,24
2002-01-17,Product_91,40
2000-03-31,Product_75,4
2005-06-21,Product_21,95
2001-04-25,Product_97,19
2014-05-24,Product_37,83
2021-12-03,Product_77,2
2009-05-19,Product_55,53
2019-09-10,Product_21,10
2018-12-22,Product_10,89
2020-05-13,Product_92,26
2009-05-14,Product_74,92
2011-02-23,Product_76,12
2004-11-21,Product_38,32
2012-02-08,Product_73,2
2002-11-26,Product_82,73
2007-11-19,Product_8,74
2013-02-25,Product_58,65
2010-11-17,Product_96,89
2008-10-27,Product_25,52
2003-02-09,Product_40,99
2009-01-28,Product_62,79
2009-04-11,Product_36,77
2006-07-19,Product_55,25
2007-07-12,Product_37,48
2013-01-15,Product_93,19
2019-04-07,Product_47,16
2024-09-12,Product_99,96
2003-11-30,Product_5,84
2009-07-11,Product_32,44
2004-02-20,Product_65,88
2016-04-21,Product_11,62
2020-05-15,Product_15,97
2005-08-26,Product_57,45
2022-07-01,Product_63,10
2022-07-22,Product_59,71
2004-11-03,Product_90,10
2012-08-21,Product_63,2
2012-03-29,Product_100,2
2019-08-16,Product_5,73
2019-12-23,Product_83,88
2019-08-17,Product_72,11
2013-03-14,Product_39,31
2014-02-18,Product_19,11
2017-06-09,Product_54,73
2024-07-11,Product_100,44
2000-02-01,Product_27,74
2009-12-11,Product_94,38
2019-05-24,Product_94,17
2004-01-25,Product_34,2
2011-06-25,Product_48,72
2010-01-31,Product_74,25
2013-02-04,Product_40,93
2007-10-22,Product_71,3
2023-05-24,Product_90,61
2004-06-21,Product_96,66
2000-12-22,Product_14,100
2000-09-14,Product_92,43
2006-02-24,Product_64,85
2006-03-23,Product_83,34
2024-10-10,Product_16,83
2024-10-22,Product_13,99
2005-10-05,Product_27,93
2006-09-30,Product_12,87
2011-03-28,Product_90,85
2002-02-22,Product_2,90
2005-12-30,Product_32,8
2024-09-14,Product_72,67
2009-02-25,Product_15,53
2011-12-30,Product_84,44
2010-07-29,Product_86,50
2021-02-20,Product_47,46
2013-02-11,Product_11,24
2022-05-31,Product_91,29
2014-11-16,Product_28,97
2016-02-02,Product_69,10
2016-08-09,Product_89,95
2007-04-29,Product_68,22
2015-06-19,Product_17,80
2014-05-12,Product_79,37
2021-11-24,Product_97,37
2005-03-25,Product_3,12
2013-04-04,Product_20,5
2020-04-19,Product_32,26
2004-04-27,Product_31,3
2013-01-10,Product_52,64
2018-03-19,Product_90,26
2016-06-03,Product_18,68
2020-04-30,Product_69,10
2016-05-24,Product_22,44
2000-12-17,Product_1,83
2013-09-25,Product_29,25
2024-03-06,Product_73,4
2008-04-29,Product_5,87
2023-10-18,Product_75,89
2006-01-08,Product_12,6
2001-05-14,Product_8,27
2004-09-30,Product_51,77
2017-03-15,Product_28,77
2009-11-09,Product_97,41
2017-11-14,Product_10,47
2002-11-10,Product_68,2
2012-06-03,Product_3,71
2007-12-16,Product_94,48
2007-03-20,Product_69,4
2018-05-06,Product_63,37
2008-11-02,Product_21,74
2011-12-30,Product_19,25
2001-09-15,Product_6,25
2006-03-01,Product_93,52
2011-03-31,Product_10,72
2014-12-09,Product_48,68
2004-04-30,Product_75,82
2024-01-20,Product_47,46
2010-11-15,Product_22,27
2008-05-07,Product_65,75
2011-11-23,Product_59,32
2008-11-02,Product_35,20
2011-12-17,Product_65,26
2014-04-01,Product_100,91
2004-03-14,Product_50,24
2020-04-29,Product_68,18
2002-12-11,Product_98,10
2023-10-20,Product_58,80
2017-09-10,Product_20,81
2009-05-19,Product_29,66
2022-02-12,Product_100,87
2012-01-04,Product_43,75
2023-04-28,Product_48,38
2015-07-21,Product_92,59
2016-10-20,Product_43,4
2018-10-19,Product_27,76
2022-11-26,Product_49,96
2010-03-11,Product_19,97
2014-04-16,Product_81,48
2020-09-06,Product_3,62
2003-04-27,Product_70,82
2004-01-20,Product_20,14
2004-06-10,Product_84,51
2012-06-17,Product_2,38
2017-02-17,Product_17,93
2007-04-25,Product_95,23
2007-10-27,Product_95,80
2023-12-28,Product_99,10
2012-05-26,Product_69,23
2016-03-20,Product_44,73
2023-11-11,Product_86,18
2023-09-18,Product_11,20
2010-04-05,Product_30,15
2015-05-23,Product_21,11
2024-03-19,Product_23,92
2014-07-07,Product_74,97
2017-08-19,Product_56,81
2002-07-06,Product_49,54
2011-03-26,Product_31,90
2006-10-31,Product_28,22
2010-06-06,Product_70,72
2002-04-13,Product_20,31
2017-07-12,Product_42,86
2003-08-23,Product_93,26
2011-12-11,Product_69,63
2009-09-10,Product_33,18
2020-08-16,Product_81,97
2003-10-13,Product_42,95
2002-11-23,Product_38,13
2000-10-31,Product_52,22
2022-08-26,Product_24,87
2007-06-10,Product_16,43
2017-06-23,Product_51,68
2015-02-18,Product_80,28
2000-04-06,Product_46,78
2021-07-25,Product_20,69
2018-10-14,Product_98,22
2009-05-09,Product_37,83
2010-05-02,Product_53,34
2008-10-03,Product_63,7
2022-09-13,Product_95,9
2014-04-26,Product_87,45
2014-02-02,Product_69,78
2001-03-20,Product_75,88
2019-07-01,Product_65,9
2000-06-24,Product_37,15
2021-11-20,Product_52,86
2016-12-23,Product_9,83
2015-02-23,Product_73,22
2000-11-17,Product_41,69
2015-04-20,Product_2,74
2010-06-09,Product_95,55
2011-06-16,Product_98,5
2018-12-18,Product_61,7
2016-07-01,Product_51,3
2021-11-07,Product_91,46
2018-08-29,Product_50,95
2005-10-16,Product_38,41
2020-06-15,Product_95,6
2023-02-02,Product_65,67
2017-12-19,Product_87,33
2016-05-12,Product_61,47
2020-01-30,Product_15,95
2008-07-18,Product_46,70
2011-06-30,Product_57,32
2014-12-28,Product_10,85
2002-02-09,Product_81,16
2018-04-29,Product_24,70
2010-02-24,Product_76,63
2013-06-08,Product_96,35
2012-01-14,Product_16,5
2017-12-24,Product_71,1
2023-11-23,Product_65,43
2017-01-12,Product_94,29
2015-05-30,Product_62,6
2021-12-07,Product_89,19
2012-04-29,Product_16,40
2007-06-04,Product_59,10
2001-07-19,Product_21,28
2017-03-06,Product_34,81
2024-01-06,Product_3,20
2002-12-28,Product_81,21
2009-11-04,Product_30,10
2000-08-05,Product_5,71
2001-07-16,Product_59,23
2003-07-19,Product_2,99
2000-05-10,Product_2,58
2018-07-04,Product_35,77
2020-02-20,Product_9,47
2012-03-09,Product_74,53
2020-03-14,Product_52,9
2021-12-10,Product_6,65
2005-03-05,Product_35,89
2002-11-07,Product_9,7
2010-03-25,Product_29,88
2009-04-15,Product_79,1
2014-04-23,Product_63,89
2003-10-09,Product_11,100
2004-06-10,Product_91,12
2011-06-08,Product_72,43
2020-03-22,Product_32,54
2002-05-17,Product_49,85
2022-11-02,Product_72,32
2022-02-20,Product_20,29
2022-10-09,Product_94,84
2009-09-23,Product_81,10
2023-12-19,Product_1,83
2021-08-31,Product_32,91
2022-11-14,Product_86,98
2019-03-05,Product_29,13
2018-01-20,Product_95,85
2009-04-05,Product_43,86
2004-01-04,Product_44,87
2017-07-24,Product_18,2
2020-04-16,Product_67,14
2007-11-10,Product_11,43
2006-08-30,Product_37,76
2004-03-19,Product_16,56
2007-03-14,Product_55,80
2004-07-11,Product_51,56
2014-10-30,Product_77,5
2002-10-17,Product_75,50
2002-04-21,Product_19,35
2001-12-01,Product_64,63
2001-09-14,Product_35,85
2018-08-25,Product_47,70
2007-06-09,Product_36,43
2018-03-20,Product_88,61
2010-10-13,Product_66,100
2020-10-05,Product_65,16
2008-02-27,Product_6,62
2007-09-16,Product_38,54
2022-02-10,Product_80,21
2024-05-29,Product_41,62
2017-09-08,Product_72,89
2022-08-17,Product_40,70
2000-09-06,Product_25,23
2021-02-09,Product_71,55
2019-01-31,Product_46,54
2016-03-13,Product_55,46
2018-11-20,Product_18,14
2001-06-21,Product_5,62
2006-04-05,Product_32,73
2017-09-25,Product_53,3
2012-12-22,Product_72,42
2002-02-12,Product_7,82
2013-12-24,Product_23,53
2002-07-15,Product_1,35
2004-12-09,Product_7,40
2001-12-05,Product_91,80
2001-11-02,Product_70,99
2020-08-08,Product_85,59
2006-01-08,Product_72,13
2022-05-24,Product_18,61
2009-06-11,Product_92,60
2011-02-24,Product_11,71
2015-01-10,Product_32,52
2014-08-10,Product_36,12
2012-04-18,Product_65,45
2023-06-15,Product_1,84
2015-04-09,Product_100,27
2018-11-24,Product_99,41
2021-08-21,Product_36,11
2001-10-18,Product_87,67
2021-12-08,Product_79,25
2019-05-09,Product_67,21
2009-08-14,Product_2,53
2013-07-28,Product_25,30
2007-12-20,Product_3,73
2015-09-25,Product_5,94
2023-12-13,Product_79,53
2008-06-20,Product_36,100
2003-03-27,Product_22,84
2003-05-13,Product_21,53
2003-01-01,Product_57,75
2020-09-01,Product_66,61
2011-01-22,Product_54,86
2015-10-17,Product_22,87
2022-05-14,Product_42,16
2007-01-15,Product_67,26
2018-08-28,Product_18,40
2012-04-25,Product_2,1
2001-03-03,Product_27,87
2010-03-07,Product_20,35
2021-06-14,Product_35,88
2018-09-19,Product_44,72
2001-01-01,Product_21,83
2010-05-13,Product_21,27
2005-04-06,Product_26,88
2017-10-19,Product_93,20
2024-10-06,Product_70,45
2022-01-30,Product_22,34
2015-04-26,Product_15,93
2013-09-25,Product_65,69
2009-12-16,Product_41,69
2008-02-23,Product_36,93
2021-04-05,Product_25,3
2023-06-02,Product_77,58
2004-12-06,Product_8,98
2013-08-27,Product_71,98
2017-04-11,Product_17,67
2004-11-14,Product_57,42
2019-03-06,Product_73,99
2024-05-31,Product_22,69
2018-07-16,Product_63,31
2019-06-18,Product_96,78
2020-10-26,Product_10,2
2013-09-21,Product_11,78
2012-12-26,Product_95,56
2002-11-04,Product_61,43
2011-03-01,Product_67,50
2023-11-30,Product_9,70
2016-05-09,Product_3,79
2011-09-19,Product_19,89
2001-03-16,Product_90,1
2005-05-27,Product_86,11
2002-02-12,Product_73,12
2006-10-30,Product_36,49
2019-04-13,Product_5,80
2008-11-21,Product_81,8
2024-03-25,Product_94,69
2009-03-01,Product_34,21
2024-01-28,Product_66,87
2003-01-21,Product_78,91
2005-10-06,Product_12,10
2017-01-02,Product_69,58
2003-12-17,Product_88,24
2009-09-04,Product_49,40
2008-05-20,Product_93,56
2019-09-11,Product_19,76
2003-04-14,Product_83,41
2008-04-29,Product_25,29
2002-12-31,Product_66,41
2005-10-22,Product_9,89
2016-03-01,Product_55,74
2013-03-09,Product_93,69
2007-01-31,Product_24,91
2017-03-24,Product_17,65
2021-12-27,Product_70,62
2009-03-21,Product_48,10
2008-06-17,Product_5,78
2024-09-26,Product_11,85
2020-02-04,Product_20,67
2015-12-03,Product_64,55
2005-10-16,Product_46,62
2023-09-01,Product_81,18
2008-10-20,Product_48,55
2008-06-02,Product_15,14
2003-08-08,Product_52,87
2016-08-09,Product_47,41
2014-12-30,Product_41,15
2013-06-01,Product_25,62
2018-10-29,Product_34,48
2009-09-14,Product_42,88
2023-05-10,Product_50,57
2002-03-15,Product_33,81
2007-08-16,Product_64,63
2014-11-17,Product_46,37
2019-10-09,Product_2,82
2021-05-03,Product_74,7
2016-01-28,Product_35,90
2004-12-05,Product_86,31
2000-12-22,Product_55,60
2010-06-25,Product_17,57
2021-07-30,Product_57,26
2000-08-18,Product_25,52
2014-01-08,Product_99,91
2007-08-20,Product_27,16
2002-05-25,Product_16,51
2011-01-02,Product_75,8
2022-04-28,Product_36,54
2016-06-03,Product_70,94
2016-04-17,Product_74,19
2002-04-02,Product_26,40
2003-10-24,Product_69,56
2013-08-21,Product_38,8
2019-10-01,Product_12,94
2003-01-15,Product_46,21
2001-06-08,Product_31,78
2023-01-22,Product_45,96
2007-09-10,Product_92,1
2004-02-17,Product_85,83
2022-06-07,Product_98,30
2002-10-09,Product_2,46
2017-08-15,Product_73,89
2013-01-20,Product_38,87
2013-05-22,Product_91,64
2018-08-12,Product_22,50
2010-09-19,Product_52,66
2023-03-31,Product_2,53
2012-07-11,Product_56,92
2002-04-08,Product_92,9
2000-04-11,Product_32,7
2008-06-22,Product_74,45
2013-09-20,Product_87,55
2002-03-21,Product_44,70
2002-10-03,Product_37,56
2024-08-28,Product_73,58
2010-05-22,Product_54,57
2010-09-17,Product_47,68
2022-05-24,Product_14,15
2018-05-14,Product_83,84
2017-01-13,Product_49,18
2023-08-04,Product_71,69
2022-09-01,Product_27,6
2003-11-11,Product_45,15
2001-06-11,Product_23,5
2001-05-12,Product_71,57
2023-05-05,Product_69,52
2002-06-06,Product_14,79
2006-12-21,Product_37,70
2002-02-23,Product_59,6
2005-09-25,Product_78,70
2018-10-07,Product_67,55
2006-05-31,Product_11,60
2021-07-04,Product_78,45
2022-05-12,Product_3,72
2024-05-05,Product_16,78
2000-04-03,Product_83,32
2011-06-08,Product_3,83
2013-12-08,Product_92,20
2008-01-23,Product_49,70
2003-04-05,Product_31,78
2001-08-18,Product_29,55
2015-05-23,Product_87,44
2007-06-14,Product_14,53
2024-05-27,Product_3,74
2018-12-27,Product_80,38
2007-01-08,Product_82,32
2007-03-18,Product_53,96
2024-09-27,Product_99,89
2015-07-04,Product_67,74
2001-07-05,Product_18,96
2016-12-26,Product_6,85
2024-03-24,Product_70,94
2023-02-28,Product_3,70
2010-07-24,Product_72,21
2012-11-20,Product_10,100
2017-01-19,Product_46,22
2014-11-25,Product_21,89
2012-09-18,Product_51,93
2009-10-04,Product_99,86
2017-06-03,Product_14,19
2001-09-01,Product_48,57
2005-08-22,Product_56,69
2021-04-08,Product_89,16
2023-03-08,Product_36,96
2018-10-24,Product_33,30
2014-07-10,Product_4,67
2012-05-17,Product_17,89
2020-03-28,Product_96,81
2021-04-29,Product_94,14
2013-07-16,Product_4,80
2023-12-07,Product_19,37
2023-12-28,Product_14,77
2001-10-20,Product_74,34
2013-05-18,Product_28,41
2002-12-23,Product_19,80
2018-08-20,Product_80,54
2013-01-29,Product_18,94
2023-10-18,Product_84,33
2024-05-15,Product_91,56
2007-10-06,Product_89,96
2017-12-26,Product_75,10
2012-01-18,Product_36,30
2010-04-16,Product_17,59
2021-12-03,Product_64,92
2022-10-01,Product_17,20
2000-03-11,Product_3,44
2017-08-27,Product_68,18
2007-03-02,Product_52,84
2007-08-06,Product_15,54
2002-06-28,Product_55,47
2021-12-18,Product_96,9
2016-01-23,Product_35,34
2024-01-04,Product_95,48
2006-10-19,Product_67,1
2024-11-27,Product_18,4
2011-05-27,Product_87,42
2004-12-06,Product_29,94
2017-01-11,Product_94,73
2014-06-19,Product_66,34
2015-06-13,Product_72,74
2003-10-23,Product_87,69
2017-06-07,Product_48,42
2000-09-29,Product_45,58
2005-04-18,Product_19,51
2003-01-08,Product_8,62
2004-06-07,Product_41,29
2024-04-16,Product_13,45
2009-08-25,Product_26,31
2018-12-21,Product_30,6
2019-04-05,Product_44,81
2004-01-02,Product_26,99
2006-10-31,Product_13,73
2015-05-29,Product_57,19
2007-03-18,Product_70,87
2023-04-01,Product_70,54
2006-08-31,Product_83,81
2023-05-17,Product_78,100
2014-03-19,Product_64,87
2017-01-25,Product_75,31
2021-12-12,Product_5,55
2024-02-21,Product_72,32
2013-07-07,Product_66,41
2017-06-22,Product_66,15
2010-05-13,Product_72,4
2007-08-08,Product_72,4
2005-07-27,Product_36,100
2024-09-07,Product_49,2
2018-02-25,Product_72,22
2012-01-08,Product_26,69
2002-09-13,Product_50,62
2001-07-11,Product_67,56
2017-05-28,Product_7,48
2005-08-01,Product_29,20
2003-07-10,Product_39,47
2020-04-30,Product_8,54
2006-07-03,Product_86,100
2007-04-14,Product_10,75
2014-04-29,Product_11,83
2012-12-09,Product_60,5
2004-04-21,Product_90,79
2010-02-01,Product_27,22
2003-05-06,Product_2,100
2008-08-30,Product_42,93
2011-06-04,Product_49,45
2003-11-15,Product_17,50
2004-11-13,Product_80,72
2015-04-23,Product_100,11
2020-03-05,Product_49,41
2002-08-03,Product_91,41
2024-09-04,Product_1,35
2007-06-02,Product_94,93
2018-02-14,Product_19,47
2003-09-24,Product_11,83
2012-10-06,Product_17,58
2013-09-26,Product_14,29
2014-05-26,Product_83,7
2006-11-16,Product_41,32
2012-12-21,Product_46,92
2019-06-29,Product_62,1
2006-12-11,Product_8,12
2017-06-19,Product_10,79
2008-01-13,Product_92,74
2003-08-06,Product_9,81
2017-10-03,Product_30,78
2016-09-13,Product_13,57
2008-11-28,Product_28,79
2012-11-26,Product_20,9
2003-09-14,Product_14,97
2003-09-26,Product_5,33
2000-01-03,Product_79,22
2004-03-23,Product_93,44
2006-09-04,Product_31,72
2010-01-26,Product_44,64
2012-05-22,Product_95,80
2012-05-18,Product_91,50
2006-07-09,Product_6,51
2004-07-23,Product_28,72
2021-11-11,Product_67,73
2007-08-28,Product_9,2
2006-06-18,Product_80,9
2004-12-13,Product_83,42
2008-06-26,Product_87,23
2024-08-01,Product_15,18
2020-06-05,Product_81,92
2015-02-06,Product_62,69
2016-06-07,Product_95,79
2007-01-27,Product_100,16
2000-12-02,Product_87,55
2014-12-18,Product_19,6
2013-12-29,Product_62,76
2010-01-13,Product_33,58
2021-02-23,Product_68,5
2023-06-13,Product_67,96
2013-08-26,Product_58,47
2009-04-06,Product_28,83
2021-06-28,Product_75,39
2022-03-24,Product_88,83
2013-03-02,Product_79,28
2007-12-19,Product_37,13
2022-08-18,Product_59,84
2000-04-10,Product_19,38
2013-10-14,Product_97,60
2000-11-06,Product_33,39
2016-02-06,Product_62,10
2018-08-19,Product_87,71
2018-07-08,Product_73,35
2011-03-09,Product_41,34
2003-03-17,Product_13,10
2020-08-19,Product_22,42
2013-03-09,Product_44,99
2018-09-11,Product_64,15
2000-11-22,Product_80,77
2020-12-17,Product_87,77
2014-10-28,Product_14,83
2008-09-12,Product_35,44
2006-01-30,Product_12,55
2022-09-28,Product_19,32
2005-12-16,Product_80,10
2001-08-29,Product_64,40
2003-12-21,Product_78,59
2010-04-25,Product_10,66
2021-08-04,Product_62,11
2012-04-07,Product_39,1
2016-10-30,Product_11,67
2004-11-25,Product_54,58
2014-04-20,Product_53,14
2006-11-17,Product_23,46
2002-12-28,Product_20,94
2006-07-31,Product_70,45
2003-03-25,Product_36,18
2005-02-10,Product_77,10
2009-10-13,Product_8,84
2010-04-21,Product_71,42
2002-08-20,Product_88,18
2001-01-04,Product_4,65
2021-03-04,Product_81,25
2014-08-09,Product_60,63
2016-04-07,Product_10,54
2007-07-24,Product_33,60
2009-06-19,Product_49,80
2016-11-26,Product_30,31
2008-09-08,Product_12,85
2020-11-19,Product_76,91
2019-06-11,Product_18,55
2003-05-26,Product_93,76
2012-06-16,Product_52,48
2015-08-31,Product_45,96
2000-05-05,Product_30,31
2017-12-12,Product_36,5
2002-11-30,Product_31,19
2001-04-20,Product_25,68
2022-05-20,Product_47,94
2022-07-05,Product_36,79
2008-05-06,Product_77,94
2000-08-22,Product_55,96
2006-12-25,Product_69,85
2003-12-26,Product_98,1
2014-01-22,Product_14,19
2018-01-25,Product_96,72
2023-06-12,Product_66,5
2012-07-25,Product_98,82
2020-10-03,Product_63,38
2005-09-20,Product_31,8
2021-08-10,Product_50,4
2006-09-09,Product_3,77
2023-01-09,Product_67,80
2003-11-18,Product_39,100
2003-12-04,Product_42,13
2012-07-15,Product_25,89
2002-08-18,Product_38,35
2000-03-20,Product_32,78
2008-07-24,Product_15,83
2014-06-14,Product_5,84
2020-03-15,Product_88,91
2010-02-09,Product_45,39
2005-03-20,Product_79,61
2019-11-22,Product_7,57
2006-07-23,Product_32,94
2003-02-25,Product_89,57
2007-05-29,Product_8,38
2010-01-14,Product_11,25
2003-07-03,Product_2,80
2007-03-05,Product_50,51
2008-03-06,Product_16,59
2014-08-26,Product_33,41
2007-07-28,Product_8,19
2024-10-03,Product_9,91
2021-07-25,Product_48,61
2021-02-16,Product_79,97
2017-10-21,Product_61,85
2005-10-17,Product_55,11
2024-08-29,Product_62,76
2006-08-03,Product_63,23
2023-03-05,Product_99,48
2018-06-08,Product_17,89
2016-02-08,Product_97,97
2012-09-21,Product_29,12
2000-11-30,Product_23,61
2000-08-30,Product_45,76
2020-04-12,Product_59,22
2012-08-29,Product_43,4
2022-07-12,Product_79,16
2009-06-21,Product_3,68
2012-12-28,Product_57,26
2005-09-03,Product_70,88
2018-12-27,Product_83,95
2001-09-26,Product_34,36
2011-08-29,Product_52,36
2010-07-08,Product_3,31
2003-10-05,Product_47,26
2019-03-17,Product_83,66
2015-08-27,Product_54,2
2014-01-14,Product_78,15
2008-08-31,Product_13,69
2007-02-07,Product_32,87
2005-03-20,Product_47,30
2003-06-13,Product_18,95
2015-03-11,Product_75,88
2016-01-15,Product_56,99
2014-04-28,Product_67,43
2024-11-02,Product_67,16
2009-06-13,Product_38,99
2005-07-30,Product_57,23
2022-03-04,Product_85,7
2015-09-19,Product_78,1
2018-09-16,Product_98,61
2011-11-18,Product_19,76
2019-10-02,Product_86,32
2011-12-03,Product_8,72
2004-03-17,Product_67,7
2009-04-30,Product_1,75
2014-03-12,Product_58,78
2001-02-15,Product_92,24
2009-12-02,Product_60,75
2011-01-19,Product_76,13
2017-10-07,Product_48,16
2024-03-25,Product_90,8
2005-06-13,Product_39,97
2023-05-20,Product_9,19
2005-03-05,Product_88,88
2024-02-18,Product_46,58
2021-12-28,Product_78,38
2011-04-11,Product_57,83
2005-02-23,Product_57,33
2002-08-28,Product_97,7
2013-04-07,Product_50,8
2009-12-11,Product_70,67
2006-03-03,Product_1,31
2016-10-19,Product_6,16
2008-06-15,Product_5,36
2012-12-27,Product_73,68
2012-06-21,Product_90,87
2010-05-08,Product_47,10
2010-01-16,Product_54,1
2018-04-27,Product_72,62
2011-04-18,Product_85,20
2002-05-06,Product_50,60
2009-08-10,Product_26,54
2009-08-22,Product_50,81
2010-08-02,Product_8,26
2006-05-17,Product_44,84
2013-09-30,Product_32,24
2002-09-05,Product_90,58
2010-10-23,Product_31,10
2010-07-27,Product_7,53
2008-06-19,Product_53,12
2006-11-20,Product_95,12
2018-12-01,Product_76,15
2000-04-27,Product_86,68
2004-08-15,Product_74,76
2008-01-14,Product_99,86
2015-12-20,Product_76,4
2017-08-03,Product_82,37
2017-02-24,Product_60,49
2001-11-20,Product_6,17
2012-09-06,Product_19,77
2024-12-11,Product_28,12
2002-12-01,Product_78,70
2010-01-16,Product_53,25
2007-09-11,Product_70,55
2018-09-26,Product_9,88
2010-06-04,Product_68,67
2015-07-08,Product_35,35
2004-10-29,Product_54,80
2005-12-06,Product_84,56
2024-09-01,Product_41,87
2014-08-07,Product_36,60
2023-03-10,Product_38,27
2021-05-09,Product_27,26
2024-07-17,Product_66,18
2000-03-26,Product_100,26
2019-06-11,Product_8,61
2023-11-21,Product_9,33
2006-06-18,Product_17,55
2021-01-20,Product_91,1
2024-07-28,Product_19,46
2010-02-18,Product_65,91
2016-06-29,Product_97,25
2004-12-01,Product_35,85
2012-08-07,Product_46,40
2005-11-22,Product_13,97
2022-02-14,Product_66,56
2002-12-22,Product_16,2
2021-07-11,Product_4,65
2011-11-17,Product_30,71
2009-04-26,Product_98,97
2012-06-27,Product_28,89
2003-03-27,Product_48,26
2004-05-07,Product_8,71
2023-01-08,Product_87,18
2001-11-14,Product_25,66
2008-09-18,Product_70,98
2021-09-28,Product_4,82
2018-06-15,Product_31,69
2018-09-04,Product_48,20
2013-10-06,Product_7,1
2007-03-15,Product_33,77
2000-11-30,Product_12,33
2006-11-17,Product_73,74
2019-04-02,Product_88,97
2003-04-07,Product_42,92
2023-11-24,Product_85,95
2010-04-15,Product_17,91
2008-01-22,Product_12,90
2009-11-04,Product_69,33
2019-07-17,Product_94,29
2000-06-25,Product_80,60
2018-08-23,Product_62,68
2016-09-24,Product_20,70
2020-02-03,Product_56,8
2013-10-02,Product_69,69
2013-08-03,Product_61,64
2022-11-04,Product_4,48
2024-07-09,Product_73,67
2023-09-03,Product_96,19
2015-11-26,Product_40,50
2011-01-19,Product_25,36
2023-04-07,Product_94,62
2001-09-07,Product_12,28
2010-06-27,Product_95,38
2022-08-09,Product_71,95
2016-03-16,Product_21,88
2005-10-13,Product_12,53
2017-11-26,Product_90,2
2020-02-03,Product_42,45
2006-02-08,Product_33,82
2012-07-26,Product_88,58
2002-05-16,Product_17,93
2014-07-15,Product_62,25
2024-02-12,Product_11,29
2005-01-06,Product_85,72
2004-11-25,Product_72,59
2005-09-13,Product_19,98
2003-08-18,Product_81,50
2007-04-11,Product_27,15
2009-05-21,Product_54,5
2013-05-21,Product_31,27
2013-12-12,Product_57,38
2018-12-31,Product_45,22
2003-01-14,Product_7,35
2013-12-21,Product_22,36
2009-10-27,Product_95,50
2008-03-25,Product_90,42
2004-10-18,Product_88,10
2003-05-01,Product_75,96
2019-12-24,Product_35,62
2007-12-17,Product_58,47
2020-12-05,Product_48,65
2005-08-29,Product_75,3
2008-07-06,Product_76,61
2000-05-16,Product_9,84
2006-07-12,Product_69,24
2008-06-25,Product_3,47
2003-05-31,Product_16,62
2015-05-15,Product_3,12
2021-01-04,Product_33,24
2020-09-26,Product_72,68
2001-07-22,Product_37,61
2019-09-05,Product_27,78
2012-06-10,Product_41,48
2003-09-06,Product_44,89
2005-11-15,Product_22,95
2012-01-19,Product_70,42
2003-04-11,Product_87,32
2024-04-14,Product_12,10
2022-11-25,Product_56,70
2003-10-14,Product_88,26
2001-09-03,Product_82,72
2002-10-26,Product_55,73
2014-03-18,Product_77,32
2011-06-23,Product_98,8
2020-02-21,Product_42,95
2002-05-03,Product_13,92
2021-04-16,Product_38,45
2014-10-29,Product_72,34
2009-04-18,Product_68,76
2017-04-15,Product_93,95
2020-07-12,Product_14,82
2024-11-12,Product_25,50
2013-04-16,Product_20,87
2013-03-10,Product_89,37
2011-02-24,Product_98,29
2008-07-13,Product_45,41
2022-01-01,Product_20,25
2000-07-31,Product_11,53
2001-06-17,Product_76,18
2002-12-10,Product_19,77
2013-11-18,Product_39,99
2014-09-27,Product_11,4
2003-03-13,Product_35,99
2000-11-04,Product_37,40
2005-03-20,Product_95,72
2005-05-23,Product_17,69
2003-08-30,Product_37,66
2003-05-18,Product_18,48
2017-09-07,Product_67,99
2009-09-03,Product_61,86
2020-08-11,Product_32,72
2002-04-29,Product_64,77
2011-09-01,Product_33,26
2008-12-21,Product_82,61
2017-04-26,Product_37,48
2010-11-27,Product_78,71
2001-10-09,Product_79,26
2008-05-24,Product_68,30
2010-05-22,Product_31,40
2018-06-09,Product_53,76
2018-07-14,Product_25,95
2000-10-04,Product_72,31
2018-09-26,Product_93,51
2003-08-10,Product_12,93
2014-10-23,Product_36,17
2023-09-04,Product_9,51
2016-07-23,Product_16,95
2015-07-17,Product_92,53
2018-05-06,Product_67,52
2017-09-14,Product_61,73
2014-04-12,Product_19,67
2001-12-08,Product_91,8
2021-03-24,Product_50,37
2005-02-19,Product_18,65
2003-09-08,Product_10,85
2004-04-09,Product_5,18
2023-06-14,Product_39,48
2010-05-21,Product_88,6
2006-10-26,Product_41,83
2007-10-16,Product_49,89
2008-11-22,Product_82,67
2006-04-19,Product_81,89
2001-01-20,Product_65,69
2006-10-13,Product_37,90
2015-09-07,Product_69,84
2008-03-19,Product_4,28
2019-03-23,Product_71,70
2018-07-16,Product_17,3
2016-09-11,Product_69,47
2004-12-20,Product_49,26
2019-09-21,Product_41,95
2023-09-24,Product_78,40
2019-12-20,Product_10,30
2003-06-30,Product_44,33
2012-08-12,Product_38,47
2015-11-29,Product_4,73
2011-12-12,Product_98,24
2019-09-06,Product_83,66
2022-01-22,Product_90,53
2007-08-04,Product_97,42
2009-12-07,Product_21,28
2016-01-09,Product_39,88
2012-11-14,Product_82,83
2011-04-08,Product_16,9
2018-01-23,Product_34,36
2023-03-28,Product_83,4
2018-08-24,Product_54,6
2023-09-27,Product_91,34
2001-07-03,Product_65,65
2008-08-14,Product_32,3
2002-03-21,Product_16,85
2010-12-16,Product_91,50
2018-11-26,Product_30,70
2005-04-26,Product_71,34
2011-05-03,Product_42,79
2015-02-27,Product_48,73
2015-12-04,Product_21,71
2015-05-07,Product_91,28
2024-12-27,Product_51,11
2004-08-14,Product_70,61
2005-06-13,Product_10,25
2021-12-17,Product_48,44
2010-10-20,Product_45,84
2003-02-23,Product_82,10
2021-09-05,Product_24,60
2022-02-22,Product_77,60
2000-07-17,Product_99,79
2008-07-01,Product_43,59
2007-09-04,Product_80,99
2009-09-22,Product_15,43
2014-11-03,Product_28,100
2007-03-19,Product_43,17
2005-08-15,Product_62,13
2000-11-22,Product_96,63
2005-04-29,Product_24,17
2001-06-28,Product_83,10
2017-07-23,Product_15,73
2016-12-06,Product_55,72
2011-05-21,Product_84,55
2018-03-19,Product_21,6
2017-07-04,Product_24,6
2008-05-26,Product_68,26
2018-03-05,Product_16,24
2018-09-06,Product_96,74
2013-02-15,Product_99,13
2007-05-28,Product_96,10
2007-04-21,Product_9,26
2009-05-26,Product_53,59
2023-11-12,Product_22,81
2024-04-18,Product_83,45
2011-06-23,Product_64,26
2010-09-30,Product_86,30
2005-11-16,Product_88,11
2016-06-14,Product_69,48
2004-12-03,Product_28,20
2001-04-07,Product_98,70
2013-11-02,Product_55,40
2024-11-14,Product_42,55
2017-12-20,Product_18,62
2024-03-17,Product_35,52
2009-09-12,Product_65,8
2019-07-17,Product_31,54
2003-03-16,Product_84,4
2018-04-23,Product_49,100
2001-01-02,Product_57,31
2012-01-22,Product_92,36
2012-10-17,Product_90,21
2012-04-30,Product_82,25
2005-03-31,Product_91,92
2022-01-31,Product_95,15
2020-06-13,Product_84,29
2016-12-12,Product_45,52
2014-01-08,Product_20,38
2003-12-09,Product_39,52
2016-11-15,Product_70,44
2000-11-05,Product_2,6
2017-10-07,Product_69,13
2021-04-02,Product_53,10
2006-04-27,Product_55,58
2021-04-14,Product_93,53
2010-04-26,Product_47,12
2016-01-01,Product_61,71
2017-12-08,Product_12,45
2023-06-16,Product_21,30
2024-07-29,Product_58,17
2013-04-16,Product_80,38
2024-02-22,Product_64,31
2018-09-20,Product_37,44
2000-09-07,Product_40,77
2010-02-20,Product_65,32
2015-07-08,Product_4,72
2001-05-12,Product_35,87
2008-11-14,Product_65,5
2010-02-26,Product_46,5
2012-02-26,Product_45,98
2017-09-03,Product_76,33
2018-03-14,Product_48,64
2008-10-22,Product_11,1
2011-08-03,Product_22,3
2012-11-04,Product_81,64
2003-04-02,Product_4,27
2014-07-14,Product_40,10
2015-10-14,Product_7,15
2005-11-24,Product_27,80
2022-11-12,Product_30,59
2003-08-11,Product_4,55
2006-05-11,Product_99,60
2015-02-25,Product_63,34
2022-03-10,Product_53,91
2022-05-21,Product_41,53
2024-05-23,Product_78,10
2000-03-12,Product_72,30
2009-03-31,Product_75,21
2008-11-08,Product_93,49
2009-04-19,Product_31,92
2004-03-29,Product_11,24
2006-08-19,Product_15,92
2023-04-05,Product_56,16
2008-10-20,Product_28,46
2010-01-30,Product_57,91
2010-09-11,Product_90,35
2015-02-17,Product_43,35
2003-01-18,Product_38,5
2024-04-01,Product_35,96
2007-06-11,Product_43,61
2015-01-19,Product_95,44
2019-02-05,Product_82,57
2007-10-11,Product_99,20
2017-11-09,Product_12,40
2015-03-26,Product_2,31
2022-10-13,Product_46,93
2021-04-19,Product_39,56
2018-09-05,Product_32,88
2002-07-19,Product_26,67
2015-01-30,Product_16,49
2005-06-08,Product_57,92
2011-03-14,Product_62,67
2000-09-27,Product_27,9
2015-01-16,Product_59,89
2008-02-07,Product_89,97
2024-04-30,Product_5,78
2012-12-06,Product_61,37
2017-06-01,Product_94,21
2013-04-14,Product_19,62
2004-11-30,Product_38,90
2023-06-04,Product_55,38
2020-02-21,Product_54,94
2017-10-04,Product_78,25
2021-03-07,Product_4,43
2012-05-09,Product_47,10
2005-02-25,Product_70,1
2005-03-26,Product_27,37
2007-07-24,Product_27,57
2016-11-02,Product_93,14
2022-02-22,Product_91,69
2003-09-06,Product_45,6
2011-02-14,Product_69,19
2018-03-17,Product_71,85
2009-12-09,Product_20,84
2021-09-22,Product_38,26
2005-11-27,Product_88,59
2020-03-26,Product_24,19
2022-03-15,Product_61,53
2016-06-17,Product_7,70
2024-10-03,Product_7,16
2011-04-05,Product_42,61
2024-05-16,Product_66,59
2000-07-11,Product_20,4
2005-11-22,Product_39,73
2007-12-11,Product_8,44
2006-05-23,Product_50,20
2020-02-19,Product_54,87
2005-08-23,Product_7,6
2017-04-10,Product_9,28
2016-10-02,Product_64,1
2007-08-31,Product_74,19
2020-04-26,Product_91,70
2009-05-31,Product_86,53
2015-12-17,Product_53,74
2016-01-23,Product_87,23
2012-12-15,Product_6,67
2019-08-23,Product_42,58
2020-11-23,Product_4,86
2024-02-27,Product_5,72
2006-11-10,Product_97,50
2022-10-31,Product_31,96
2022-11-18,Product_51,5
2024-05-06,Product_43,18
2016-05-20,Product_45,12
2010-04-13,Product_83,33
2003-11-26,Product_35,10
2015-01-19,Product_45,62
2020-02-26,Product_7,61
2018-12-30,Product_70,59
2018-02-12,Product_61,26
2001-08-01,Product_51,38
2008-05-01,Product_80,20
2002-06-22,Product_90,38
2008-09-15,Product_7,43
2008-10-30,Product_34,19
2023-01-24,Product_44,35
2018-06-08,Product_79,28
2022-05-02,Product_69,56
2022-07-11,Product_48,42
2022-04-18,Product_100,9
2008-09-15,Product_74,24
2023-08-29,Product_59,37
2010-01-24,Product_85,51
2015-06-08,Product_27,57
2012-12-06,Product_2,81
2002-10-04,Product_59,34
2009-01-13,Product_15,36
2011-04-30,Product_67,18
2023-04-29,Product_84,95
2013-04-17,Product_44,34
2015-01-07,Product_98,75
2009-09-07,Product_50,16
2009-12-20,Product_72,40
2020-07-06,Product_89,17
2014-12-18,Product_4,82
2021-05-15,Product_71,60
2023-01-20,Product_92,31
2016-11-02,Product_4,71
2014-06-11,Product_16,87
2006-11-01,Product_47,53
2016-07-25,Product_60,10
2014-04-30,Product_74,7
2015-07-19,Product_69,94
2022-02-03,Product_52,100
2013-06-27,Product_60,37
2020-11-09,Product_3,46
2002-01-23,Product_69,26
2007-08-09,Product_18,10
2009-03-09,Product_67,54
2010-08-10,Product_61,24
2017-05-21,Product_68,43
2024-08-24,Product_12,6
2006-05-27,Product_23,58
2007-04-21,Product_68,25
2001-03-11,Product_87,79
2023-07-11,Product_36,94
2020-03-30,Product_91,44
2000-09-22,Product_30,41
2023-07-20,Product_89,97
2001-12-06,Product_62,42
2011-11-29,Product_12,32
2018-06-16,Product_9,85
2011-01-12,Product_96,61
2005-03-08,Product_1,79
2002-10-24,Product_35,2
2002-06-07,Product_6,62
2005-06-12,Product_68,49
2023-11-09,Product_52,39
2006-06-05,Product_66,50
2000-12-28,Product_36,19
2008-06-11,Product_89,9
2016-02-05,Product_87,85
2017-05-06,Product_76,94
2016-04-23,Product_72,62
2018-02-08,Product_6,39
2006-04-03,Product_28,24
2024-06-22,Product_47,2
2017-10-25,Product_92,64
2023-07-23,Product_3,77
2013-12-10,Product_69,31
2022-01-28,Product_62,50
2009-01-15,Product_49,27
2018-02-09,Product_81,17
2008-07-29,Product_36,84
2004-04-18,Product_45,38
2009-05-28,Product_3,78
2021-06-06,Product_54,20
2020-01-15,Product_32,79
2001-11-18,Product_75,85
2001-03-26,Product_10,31
2008-12-09,Product_99,39
2008-09-23,Product_40,11
2018-05-21,Product_76,28
2023-03-02,Product_93,8
2012-07-07,Product_99,53
2013-11-17,Product_72,31
2003-10-03,Product_78,78
2022-07-29,Product_96,42
2024-10-29,Product_41,86
2005-11-26,Product_54,84
2007-07-06,Product_28,82
2020-10-05,Product_25,21
2018-05-17,Product_16,29
2024-04-09,Product_86,40
2015-08-04,Product_61,75
2022-07-05,Product_64,92
2018-10-21,Product_33,62
2004-02-10,Product_87,43
2009-02-25,Product_4,77
2016-12-15,Product_88,80
2011-07-22,Product_47,28
2006-07-05,Product_68,72
2002-10-07,Product_22,65
2009-07-19,Product_97,10
2003-06-24,Product_17,86
2016-08-20,Product_45,63
2024-03-17,Product_3,28
2000-06-17,Product_92,49
2011-03-17,Product_64,51
2019-08-31,Product_93,35
2021-12-17,Product_90,70
2002-08-18,Product_90,74
2000-02-17,Product_44,9
2006-03-28,Product_51,84
2000-02-08,Product_56,74
2004-05-27,Product_9,92
2015-10-01,Product_62,64
2001-12-08,Product_80,33
2016-07-13,Product_11,21
2016-04-23,Product_12,7
2021-09-12,Product_29,87
2015-05-03,Product_95,12
2014-12-14,Product_10,79
2024-08-31,Product_70,72
2004-06-17,Product_69,20
2015-10-13,Product_83,51
2000-05-04,Product_65,57
2011-02-14,Product_100,100
2010-06-23,Product_93,52
2003-08-04,Product_100,32
2008-12-24,Product_61,88
2019-04-04,Product_98,42
2015-07-21,Product_37,74
2001-04-26,Product_33,100
2013-03-02,Product_39,49
2003-04-06,Product_81,85
2011-06-03,Product_100,18
2006-02-05,Product_76,86
2019-11-21,Product_6,46
2007-01-10,Product_89,48
2018-07-19,Product_65,27
2024-01-30,Product_48,83
2014-09-12,Product_100,71
2000-06-22,Product_69,57
2009-12-31,Product_59,86
2016-07-19,Product_93,44
2005-09-13,Product_84,26
2010-10-28,Product_77,92
2021-01-10,Product_80,61
2020-05-27,Product_97,48
2016-11-29,Product_12,69
2015-06-11,Product_95,5
2023-01-07,Product_37,17
2010-07-27,Product_63,5
2015-08-02,Product_95,55
2001-10-15,Product_16,47
2024-03-07,Product_12,12
2012-12-03,Product_71,65
2021-06-29,Product_68,9
2024-01-15,Product_41,13
2016-01-20,Product_100,52
2006-02-16,Product_63,9
2020-04-13,Product_84,41
2021-04-17,Product_46,77
2013-03-18,Product_28,41
2008-09-27,Product_20,58
2015-04-03,Product_23,54
2001-08-05,Product_98,48
2003-01-28,Product_78,60
2013-06-13,Product_86,45
2024-06-20,Product_3,96
2014-08-11,Product_3,80
2013-10-16,Product_18,100
2007-10-14,Product_57,22
2002-12-09,Product_51,15
2018-09-28,Product_2,100
2014-07-11,Product_80,81
2020-03-25,Product_33,85
2004-02-01,Product_32,54
2017-05-02,Product_48,86
2016-03-20,Product_44,30
2003-03-15,Product_91,59
2008-01-20,Product_59,12
2024-04-18,Product_12,18
2019-05-16,Product_81,43
2008-10-27,Product_32,36
2020-04-30,Product_100,95
2022-11-08,Product_43,99
2016-11-14,Product_8,54
2019-08-07,Product_76,11
2011-08-04,Product_1,36
2003-03-02,Product_2,12
2019-03-10,Product_3,52
2008-04-27,Product_40,76
2011-08-27,Product_81,81
2022-03-10,Product_60,5
2012-10-03,Product_4,96
2021-01-30,Product_82,75
2018-06-10,Product_33,87
2004-02-20,Product_6,64
2009-01-29,Product_54,58
2022-12-21,Product_24,24
2006-01-06,Product_11,59
2020-04-01,Product_67,58
2001-06-13,Product_38,41
2019-01-24,Product_47,36
2017-01-09,Product_94,84
2019-02-24,Product_61,22
2010-06-02,Product_8,57
2010-01-10,Product_74,79
2009-03-24,Product_98,4
2002-02-26,Product_73,58
2023-04-15,Product_10,34
2022-11-29,Product_25,82
2013-08-22,Product_2,60
2001-06-22,Product_65,55
2018-10-28,Product_93,14
2015-01-04,Product_55,76
2019-07-24,Product_97,61
2021-12-21,Product_53,48
2007-05-02,Product_94,99
2012-10-11,Product_44,69
2005-12-15,Product_35,3
2014-07-20,Product_29,31
2024-03-04,Product_86,81
2008-08-06,Product_44,25
2024-12-18,Product_31,39
2017-12-07,Product_28,63
2004-03-04,Product_77,50
2003-08-27,Product_32,70
2014-08-08,Product_69,75
2004-04-08,Product_43,6
2018-04-23,Product_25,64
2016-12-16,Product_86,22
2024-10-03,Product_33,93
2009-07-14,Product_78,38
2014-11-16,Product_20,38
2014-02-26,Product_91,77
2006-12-18,Product_96,27
2011-09-22,Product_15,53
2024-11-06,Product_18,44
2016-04-12,Product_57,87
2015-07-19,Product_12,99
2015-12-19,Product_36,87
2011-09-30,Product_27,18
2009-11-30,Product_66,9
2018-01-29,Product_35,7
2015-03-16,Product_19,32
2005-12-23,Product_13,81
2022-10-11,Product_36,34
2000-07-29,Product_75,81
2013-10-05,Product_3,94
2020-11-21,Product_57,72
2020-08-20,Product_72,33
2012-02-03,Product_24,14
2003-03-31,Product_45,15
2016-10-17,Product_90,19
2012-07-27,Product_59,47
2013-11-15,Product_61,5
2017-01-03,Product_70,39
2010-05-15,Product_65,67
2012-07-01,Product_64,76
2003-04-29,Product_56,31
2009-06-19,Product_97,64
2018-04-02,Product_70,99
2007-04-22,Product_59,26
2007-11-18,Product_75,37
2015-06-26,Product_86,63
2022-08-27,Product_41,58
2016-11-04,Product_63,89
2019-02-15,Product_5,76
2012-10-19,Product_88,60
2021-01-07,Product_69,65
2007-08-28,Product_59,73
2001-12-23,Product_25,18
2002-05-06,Product_27,62
2010-08-01,Product_19,68
2022-04-11,Product_72,97
2018-07-29,Product_73,38
2016-08-21,Product_51,75
2015-10-29,Product_65,43
2019-03-25,Product_39,45
2012-05-23,Product_88,85
2004-08-31,Product_51,60
2003-06-26,Product_34,53
2013-06-03,Product_80,39
2009-07-23,Product_41,32
2000-12-14,Product_45,68
2005-12-23,Product_86,49
2024-09-11,Product_40,96
2003-02-06,Product_20,75
2012-01-03,Product_54,36
2001-04-21,Product_89,12
2020-11-04,Product_40,43
2000-11-11,Product_6,22
2017-03-05,Product_46,59
2000-05-30,Product_56,53
2017-02-27,Product_9,80
2016-02-02,Product_96,5
2015-11-06,Product_8,35
2011-04-18,Product_2,92
2016-07-07,Product_76,69
2024-08-20,Product_35,28
2001-04-22,Product_19,12
2008-07-07,Product_93,42
2006-09-09,Product_93,72
2018-03-26,Product_88,13
2012-05-17,Product_15,59
2023-07-08,Product_18,3
2020-06-09,Product_64,27
2017-02-05,Product_94,73
2010-10-16,Product_63,15
2003-06-15,Product_100,6
2022-02-01,Product_65,94
2015-10-23,Product_100,12
2019-03-28,Product_60,27
2022-06-08,Product_94,89
2018-02-05,Product_53,50
2012-01-09,Product_59,42
2023-11-26,Product_19,98
2019-05-02,Product_76,46
2002-09-27,Product_47,27
2001-10-06,Product_57,29
2003-05-11,Product_97,72
2019-08-22,Product_65,32
2006-06-26,Product_14,76
2014-03-26,Product_66,13
2016-01-28,Product_18,6
2008-09-29,Product_85,99
2008-11-07,Product_56,86
2005-04-29,Product_93,18
2022-08-22,Product_78,66
2001-09-06,Product_93,59
2008-09-29,Product_70,57
2016-12-27,Product_65,72
2003-10-31,Product_89,81
2010-03-27,Product_30,25
2019-12-24,Product_87,59
2004-06-22,Product_83,13
2015-10-16,Product_34,34
2001-06-22,Product_68,75
2020-11-21,Product_66,7
2023-03-05,Product_87,74
2010-02-17,Product_22,59
2008-03-17,Product_18,80
2000-01-16,Product_24,69
2016-10-22,Product_82,48
2000-03-02,Product_58,78
2009-09-01,Product_15,96
2024-06-26,Product_63,69
2006-03-31,Product_38,15
2013-09-25,Product_63,95
2018-09-07,Product_53,49
2007-01-28,Product_15,33
2003-12-03,Product_43,16
2019-08-11,Product_32,53
2002-12-18,Product_62,26
2023-09-12,Product_60,30
2008-09-14,Product_97,80
2021-06-28,Product_95,45
2006-10-14,Product_31,24
2004-09-10,Product_32,21
2003-01-23,Product_85,86
2013-12-24,Product_12,36
2016-01-22,Product_65,65
2013-03-23,Product_4,13
2018-12-25,Product_51,2
2016-05-20,Product_98,56
2010-08-23,Product_5,49
2012-08-30,Product_99,22
2000-10-08,Product_87,12
2024-09-21,Product_12,9
2017-09-23,Product_25,61
2023-08-05,Product_78,85
2007-06-28,Product_57,55
2021-03-04,Product_67,62
2012-06-21,Product_100,41
2018-12-27,Product_98,33
2020-01-30,Product_11,3
2012-11-05,Product_29,81
2002-05-18,Product_11,63
2008-11-11,Product_81,35
2023-02-12,Product_30,75
2009-09-25,Product_8,60
2020-08-27,Product_53,44
2016-04-23,Product_100,53
2018-02-24,Product_86,40
2020-02-16,Product_30,10
2011-03-05,Product_44,84
2001-08-29,Product_33,75
2015-04-10,Product_16,48
2000-09-29,Product_80,55
2004-04-14,Product_43,33
2020-07-16,Product_62,23
2012-05-01,Product_22,31
2013-04-08,Product_30,68
2005-01-14,Product_20,16
2020-10-01,Product_89,42
2016-03-22,Product_65,8
2008-12-30,Product_79,78
2023-11-09,Product_46,69
2006-01-03,Product_91,31
2011-10-02,Product_11,59
2001-12-03,Product_15,12
2014-03-30,Product_24,16
2001-09-28,Product_5,20
2015-10-05,Product_6,18
2003-01-13,Product_77,71
2019-01-17,Product_47,33
2003-01-30,Product_57,77
2023-08-23,Product_46,76
2010-09-11,Product_28,51
2002-08-30,Product_41,94
2022-09-17,Product_49,15
2008-04-24,Product_85,44
2005-01-13,Product_70,23
2020-03-20,Product_91,76
2019-01-09,Product_43,59
2024-12-07,Product_100,77
2015-03-12,Product_88,93
2019-12-12,Product_49,98
2013-03-18,Product_32,58
2023-03-07,Product_97,16
2015-11-01,Product_91,15
2015-08-28,Product_73,54
2006-10-14,Product_54,59
2014-03-28,Product_55,45
2000-09-26,Product_39,58
2013-12-14,Product_63,39
2023-10-27,Product_16,75
2000-01-17,Product_50,69
2004-11-26,Product_29,61
2017-09-30,Product_4,49
2013-08-11,Product_84,6
2009-04-04,Product_38,73
2004-06-19,Product_29,100
2000-06-20,Product_31,55
2018-11-29,Product_17,92
2024-06-27,Product_63,54
2014-03-06,Product_86,36
2018-01-10,Product_95,77
2007-10-31,Product_70,29
2000-02-06,Product_65,13
2011-03-21,Product_8,83
2008-07-18,Product_30,81
2003-03-15,Product_97,39
2024-06-06,Product_40,37
2022-11-25,Product_56,19
2013-01-03,Product_54,16
2000-01-19,Product_85,19
2000-08-04,Product_78,81
2019-03-21,Product_14,4
2015-05-26,Product_81,1
2009-03-23,Product_53,41
2024-06-22,Product_86,17
2007-03-21,Product_36,92
2010-04-16,Product_9,51
2019-06-27,Product_9,79
2004-04-30,Product_82,4
2021-09-07,Product_94,77
2014-06-10,Product_20,66
2015-12-29,Product_48,16
2014-10-15,Product_71,15
2013-06-07,Product_89,60
2004-11-01,Product_4,87
2010-09-28,Product_91,75
2015-08-13,Product_34,92
2003-05-24,Product_47,53
2022-04-02,Product_11,32
2024-05-15,Product_46,84
2024-10-21,Product_43,98
2001-09-30,Product_91,81
2003-04-08,Product_7,62
2016-09-03,Product_25,95
2000-01-04,Product_38,19
2007-08-10,Product_75,5
2015-07-22,Product_92,28
2000-06-27,Product_17,46
2010-01-03,Product_51,98
2006-08-24,Product_10,40
2008-08-28,Product_1,19
2000-05-22,Product_69,68
